<?xml version="1.0"?>
<config xmlns:xsi="http://www.w3.org/2001/XMLSchema-instance" xsi:noNamespaceSchemaLocation="urn:magento:framework:Acl/etc/acl.xsd">
    <acl>
        <resources>
            <resource id="Magento_Backend::admin">
                <resource id="Pulsestorm_AclExample::top" title="Pulse Storm ACL Example Module">
                    <resource id="Pulsestorm_AclExample::config" title="The First Rule"/>
                </resource>
            </resource>
        </resources>
    </acl>
</config>
