<?xml version="1.0"?>
<!--
/**
 * Copyright © 2015 Magento. All rights reserved.
 * See COPYING.txt for license details.
 */
-->
<config xmlns:xsi="http://www.w3.org/2001/XMLSchema-instance" xsi:noNamespaceSchemaLocation="urn:magento:framework:Acl/etc/acl.xsd">
    <acl>
        <resources>
            <resource id="Magento_Backend::admin">
                <resource id="Magento_Catalog::catalog" title="Products" sortOrder="30">
                  <resource id="Unit6_HelloPage::hello_page" title="Hello Page" sortOrder="20" />
                </resource>
            </resource>
        </resources>
    </acl>
</config>
