<?xml version="1.0"?>
<config xmlns:xsi="http://www.w3.org/2001/XMLSchema-instance" xsi:noNamespaceSchemaLocation="urn:magento:framework:ObjectManager/etc/config.xsd">
	<type name="Magento\Framework\App\Router\NoRouteHandlerList">
		<arguments>
			<argument name="handlerClassesList" xsi:type="array">
				<item name="default" xsi:type="array">
					<item name="class"
					xsi:type="string">Training2\Specific404Page\Controller\NoRouteHandler</item>
					<item name="sortOrder" xsi:type="string">200</item>
				</item>
			</argument>
		</arguments>
	</type>
</config>
