<?xml version="1.0"?>
<!--
/**
* Inchoo_Stripe admin configuration
*
* @category    Inchoo
* @package     Inchoo_Stripe
* @author      Ivan Weiler & Stjepan Udovičić
* @copyright   Inchoo (http://inchoo.net)
* @license     http://opensource.org/licenses/osl-3.0.php  Open Software License (OSL 3.0)
*/
-->
<config xmlns:xsi="http://www.w3.org/2001/XMLSchema-instance" xsi:noNamespaceSchemaLocation="urn:magento:module:Magento_Config:etc/system_file.xsd">
    <system>
        <section id="payment">
            <group id="inchoo_stripe" translate="label" type="text" sortOrder="50" showInDefault="1" showInWebsite="1" showInStore="1">
                <label>Stripe</label>
                <comment>
                    <![CDATA[<a href="https://stripe.com/" target="_blank">Click here to sign up for Stripe account</a>]]>
                </comment>
                <field id="active" translate="label" type="select" sortOrder="1" showInDefault="1" showInWebsite="1" showInStore="0">
                    <label>Enabled</label>
                    <source_model>Magento\Config\Model\Config\Source\Yesno</source_model>
                </field>
                <field id="title" translate="label" type="text" sortOrder="2" showInDefault="1" showInWebsite="1" showInStore="1">
                    <label>Title</label>
                </field>
                <field id="api_key" translate="label" type="obscure" sortOrder="3" showInDefault="1" showInWebsite="1" showInStore="0">
                    <label>Api Key</label>
                    <backend_model>Magento\Config\Model\Config\Backend\Encrypted</backend_model>
                </field>
                <field id="debug" translate="label" type="select" sortOrder="4" showInDefault="1" showInWebsite="1" showInStore="0">
                    <label>Debug</label>
                    <source_model>Magento\Config\Model\Config\Source\Yesno</source_model>
                </field>
                <field id="cctypes" translate="label" type="multiselect" sortOrder="5" showInDefault="1" showInWebsite="1" showInStore="0">
                    <label>Credit Card Types</label>
                    <source_model>Inchoo\Stripe\Model\Source\Cctype</source_model>
                </field>
                <field id="sort_order" translate="label" type="text" sortOrder="100" showInDefault="1" showInWebsite="1" showInStore="0">
                    <label>Sort Order</label>
                </field>
                <field id="allowspecific" translate="label" type="allowspecific" sortOrder="50" showInDefault="1" showInWebsite="1" showInStore="0">
                    <label>Payment from Applicable Countries</label>
                    <source_model>Magento\Payment\Model\Config\Source\Allspecificcountries</source_model>
                </field>
                <field id="specificcountry" translate="label" type="multiselect" sortOrder="51" showInDefault="1" showInWebsite="1" showInStore="0">
                    <label>Payment from Specific Countries</label>
                    <source_model>Magento\Directory\Model\Config\Source\Country</source_model>
                </field>
                <field id="min_order_total" translate="label" type="text" sortOrder="98" showInDefault="1" showInWebsite="1" showInStore="0">
                    <label>Minimum Order Total</label>
                </field>
                <field id="max_order_total" translate="label" type="text" sortOrder="99" showInDefault="1" showInWebsite="1" showInStore="0">
                    <label>Maximum Order Total</label>
                    <comment>Leave empty to disable limit</comment>
                </field>
            </group>
        </section>
    </system>
</config>
