<?xml version="1.0"?>
<!--
/**
 * Copyright © 2015 Magento. All rights reserved.
 * See COPYING.txt for license details.
 */
-->
<config xmlns:xsi="http://www.w3.org/2001/XMLSchema-instance" xsi:noNamespaceSchemaLocation="urn:magento:framework:ObjectManager/etc/config.xsd">

    <type name="Magento\Catalog\Ui\DataProvider\Product\ProductDataProvider">
        <arguments>
            <argument name="addFilterStrategies" xsi:type="array">
                <item name="configurable_options" xsi:type="object">Unit6\ConfigurableFilter\Ui\DataProvider\Product\AddConfigurableOptionsToCollection</item>
            </argument>
        </arguments>
    </type>

</config>
