<?xml version="1.0"?>
<!--                                                                                                                                                                                                               /**                                                                                                                                                                                                                 * Copyright © 2015 Magento. All rights reserved.                                                                                                                                                                   * See COPYING.txt for license details.                                                                                                                                                                             */                                                                                                                                                                                                                -->
<config xmlns:xsi="http://www.w3.org/2001/XMLSchema-instance" xsi:noNamespaceSchemaLocation="urn:magento:framework:ObjectManager/etc/config.xsd">
    <virtualType name="Magento\Sales\Model\ResourceModel\Order\Grid" type="Magento\Sales\Model\ResourceModel\Grid">
        <arguments>
            <argument name="columns" xsi:type="array">
                <item name="require_verification" xsi:type="string">sales_order.require_verification</item>
            </argument>
        </arguments>
    </virtualType>
</config>
